Model,#pos,#neg,AUROC,AP,Rc|FPR1e-1,Rc|FPR1e-2,Rc|FPR1e-3,Rc|FPR1e-4,Rc|FPR1e-5
bass_1,65,437236,0.9872948036511879,0.19638344212482442,0.9692307692307692,0.7538461538461538,0.4461538461538462,0.2,0.1076923076923077
bass_2,65,437236,0.9943761404684109,0.31048595651760275,0.9846153846153847,0.8923076923076924,0.5538461538461539,0.4307692307692308,0.1076923076923077
bass_3,65,437236,0.9949278580059212,0.20740987433451816,1.0,0.8153846153846154,0.49230769230769234,0.26153846153846155,0.07692307692307693
bass_4,65,437236,0.9967957807682808,0.3761731939458248,1.0,0.8769230769230769,0.6461538461538462,0.4461538461538462,0.2
bass_5,65,437236,0.9896164859392955,0.1653187658974736,0.9846153846153847,0.8153846153846154,0.5846153846153846,0.26153846153846155,0.06153846153846154
bass_6,65,437236,0.9959447001689635,0.21708067058902916,1.0,0.8769230769230769,0.5846153846153846,0.26153846153846155,0.07692307692307693
bass_comb123456,65,437236,0.9964192194745031,0.3209356842424229,1.0,0.8923076923076924,0.6615384615384615,0.4,0.2153846153846154
